"Time (s)","Latitude (°)","Longitude (°)","Height (m)","Velocity (m/s)","Direction (°)","Horizontal Accuracy (m)","Vertical Accuracy (m)"
1.099097420E0,6.778330420E1,2.482353630E1,2.395821122E2,NaN,NaN,2.288100052E1,2.961455345E0
2.219962031E0,6.778322466E1,2.482353467E1,2.498027569E2,6.700000167E-1,2.513999939E2,4.715608120E0,7.415028572E0
3.219929530E0,6.778321911E1,2.482348839E1,2.467225754E2,7.400000095E-1,2.687999878E2,3.790092468E0,5.033890724E0
4.220078384E0,6.778321333E1,2.482348456E1,2.434788711E2,7.500000000E-1,2.692000122E2,3.790092468E0,4.122825623E0
5.220259582E0,6.778322042E1,2.482346109E1,2.428801935E2,9.499999881E-1,3.148999939E2,3.790092468E0,3.738217592E0
6.220335935E0,6.778322520E1,2.482343991E1,2.424730523E2,8.899999857E-1,3.197999878E2,3.790092468E0,3.395139456E0
7.219655154E0,6.778322893E1,2.482342459E1,2.437345609E2,6.700000167E-1,3.252000122E2,3.790092468E0,3.392962456E0
8.219791716E0,6.778323426E1,2.482341566E1,2.430245156E2,6.200000048E-1,3.277000122E2,3.790092468E0,2.689599752E0
9.219756351E0,6.778323597E1,2.482340782E1,2.436928372E2,0.000000000E0,NaN,3.790092468E0,2.541852474E0
1.021991557E1,6.778323441E1,2.482340048E1,2.436837378E2,0.000000000E0,NaN,3.790092468E0,2.623836279E0
1.122045067E1,6.778323355E1,2.482339697E1,2.436916092E2,0.000000000E0,NaN,3.790092468E0,2.500000000E0
1.222000578E1,6.778323311E1,2.482339516E1,2.437065617E2,0.000000000E0,NaN,3.790092468E0,2.500000000E0
1.321957619E1,6.778323288E1,2.482339422E1,2.437206602E2,0.000000000E0,NaN,3.790092468E0,2.852902412E0
1.421967817E1,6.778323275E1,2.482339369E1,2.437276179E2,0.000000000E0,NaN,3.790092468E0,3.000272274E0
1.522046442E1,6.778323268E1,2.482339344E1,2.437314020E2,0.000000000E0,NaN,3.790092468E0,2.882549524E0
1.622041869E1,6.778323261E1,2.482339330E1,2.437359186E2,0.000000000E0,NaN,3.790092468E0,2.594745636E0
1.721958505E1,6.778323259E1,2.482339326E1,2.437434869E2,0.000000000E0,NaN,3.790092468E0,2.500000000E0
1.821977161E1,6.778323261E1,2.482339338E1,2.437552058E2,0.000000000E0,NaN,3.790092468E0,2.500000000E0
1.922018380E1,6.778323256E1,2.482339344E1,2.437536801E2,0.000000000E0,NaN,3.790092468E0,2.556692362E0
2.021984530E1,6.778323254E1,2.482339345E1,2.437697324E2,0.000000000E0,NaN,3.790092468E0,2.500000000E0
2.122005843E1,6.778323285E1,2.482338027E1,2.442532364E2,3.600000143E-1,2.872000122E2,3.790092468E0,2.500000000E0
2.221982432E1,6.778323364E1,2.482336491E1,2.447344173E2,6.100000143E-1,3.120000000E2,3.790092468E0,2.500000000E0
2.322013020E1,6.778323982E1,2.482334891E1,2.453410730E2,7.500000000E-1,3.267000122E2,3.790092468E0,2.500000000E0
2.421953317E1,6.778324724E1,2.482333411E1,2.457956277E2,8.000000119E-1,3.337000122E2,3.790092468E0,2.500000000E0
2.521958905E1,6.778325306E1,2.482332180E1,2.457673399E2,6.899999976E-1,3.342000122E2,3.790092468E0,2.500000000E0
2.622043494E1,6.778325853E1,2.482330909E1,2.462353904E2,6.499999762E-1,3.293999939E2,3.790092468E0,2.500000000E0
2.722016431E1,6.778326430E1,2.482330005E1,2.457176658E2,7.300000191E-1,3.435000000E2,3.790092468E0,2.500000000E0
2.822018624E1,6.778327151E1,2.482329776E1,2.457695870E2,7.900000215E-1,3.507000122E2,3.790092468E0,2.500000000E0
2.922011223E1,6.778327881E1,2.482329163E1,2.458276069E2,9.300000072E-1,3.387999878E2,3.790092468E0,2.500000000E0
3.022042723E1,6.778328461E1,2.482328396E1,2.457732627E2,8.399999738E-1,3.332999878E2,3.790092468E0,2.500000000E0
3.121964608E1,6.778329053E1,2.482327735E1,2.455635241E2,8.399999738E-1,3.437000122E2,3.790092468E0,2.500000000E0
3.221958770E1,6.778329747E1,2.482327466E1,2.450956090E2,8.700000048E-1,3.547999878E2,3.790092468E0,2.500000000E0
3.321979785E1,6.778330577E1,2.482327639E1,2.449032087E2,9.599999785E-1,3.547999878E2,3.790092468E0,2.500000000E0
3.421987082E1,6.778331393E1,2.482327913E1,2.449033148E2,9.700000286E-1,2.099999905E0,3.790092468E0,2.500000000E0
3.522007337E1,6.778332171E1,2.482328091E1,2.445658962E2,8.999999762E-1,1.399999976E0,3.790092468E0,2.500000000E0
3.621989363E1,6.778333020E1,2.482327855E1,2.445337689E2,1.000000000E0,3.552000122E2,3.790092468E0,2.500000000E0
3.721982165E1,6.778334023E1,2.482327666E1,2.444469510E2,1.120000005E0,1.000000000E0,3.790092468E0,2.500000000E0
3.888488872E1,6.778350130E1,2.482371370E1,2.423818780E2,NaN,NaN,2.727099991E1,3.419764996E0
3.978440603E1,6.778339494E1,2.482326165E1,2.417267722E2,8.500000238E-1,3.033999939E2,4.066535473E0,2.849363089E0
4.078422993E1,6.778339514E1,2.482325270E1,2.402860262E2,1.169999957E0,3.122999878E2,3.790092468E0,2.500000000E0
4.178392712E1,6.778340634E1,2.482323971E1,2.416639750E2,1.389999986E0,3.138999939E2,3.790092468E0,2.500000000E0
4.278349228E1,6.778342201E1,2.482321679E1,2.421167304E2,1.379999995E0,3.038999939E2,3.790092468E0,2.500000000E0
4.378363488E1,6.778342549E1,2.482319628E1,2.425657943E2,1.039999962E0,3.050000000E2,3.790092468E0,2.500000000E0
4.478400045E1,6.778343314E1,2.482316546E1,2.445440109E2,1.149999976E0,3.002999878E2,3.790092468E0,2.500000000E0
4.578345983E1,6.778343793E1,2.482313691E1,2.440529376E2,1.269999981E0,2.933999939E2,3.790092468E0,2.500000000E0
4.678362878E1,6.778344167E1,2.482310452E1,2.443354828E2,1.289999962E0,2.872000122E2,3.790092468E0,2.500000000E0
4.778376889E1,6.778344360E1,2.482307404E1,2.439720995E2,1.240000010E0,2.803999939E2,3.790092468E0,2.500000000E0
4.878339300E1,6.778344499E1,2.482304458E1,2.428553618E2,1.259999990E0,2.807999878E2,3.790092468E0,2.500000000E0
4.978353686E1,6.778344627E1,2.482301561E1,2.430359271E2,1.230000019E0,2.788999939E2,3.790092468E0,2.500000000E0
5.078380847E1,6.778344764E1,2.482298648E1,2.432232669E2,1.279999971E0,2.798999939E2,3.790092468E0,2.500000000E0
5.178398712E1,6.778344852E1,2.482295783E1,2.431208136E2,1.269999981E0,2.777000122E2,3.790092468E0,2.500000000E0
5.278421904E1,6.778345044E1,2.482292921E1,2.432339950E2,1.279999971E0,2.820000000E2,3.790092468E0,2.500000000E0
5.378429925E1,6.778345355E1,2.482289882E1,2.433210485E2,1.330000043E0,2.875000000E2,3.790092468E0,2.500000000E0
5.478366462E1,6.778345632E1,2.482286885E1,2.431307595E2,1.309999943E0,2.772999878E2,3.790092468E0,2.500000000E0
5.578391930E1,6.778345899E1,2.482283734E1,2.430649196E2,1.309999943E0,2.802999878E2,3.790092468E0,2.500000000E0
5.678417659E1,6.778346236E1,2.482280674E1,2.431948800E2,1.360000014E0,2.850000000E2,3.790092468E0,2.500000000E0
5.778349175E1,6.778346342E1,2.482277541E1,2.437683263E2,1.360000014E0,2.712000122E2,3.790092468E0,2.500000000E0
5.878412784E1,6.778346442E1,2.482274348E1,2.437814083E2,1.389999986E0,2.728999939E2,3.790092468E0,2.500000000E0
5.978349331E1,6.778346569E1,2.482270872E1,2.439891884E2,1.330000043E0,2.737000122E2,3.790092468E0,2.500000000E0
6.078371472E1,6.778346792E1,2.482267409E1,2.441070616E2,1.330000043E0,2.785000000E2,3.790092468E0,2.500000000E0
6.178380826E1,6.778347152E1,2.482263864E1,2.440055703E2,1.419999957E0,2.821000061E2,3.790092468E0,2.500000000E0
6.278402685E1,6.778347422E1,2.482260760E1,2.438908417E2,1.269999981E0,2.781000061E2,3.790092468E0,2.500000000E0
6.378420024E1,6.778347563E1,2.482257863E1,2.435096392E2,1.190000057E0,2.745000000E2,3.790092468E0,2.500000000E0
6.478338904E1,6.778347729E1,2.482255140E1,2.437939045E2,1.200000048E0,2.817000122E2,3.790092468E0,2.500000000E0
6.578353628E1,6.778348313E1,2.482252568E1,2.434618287E2,1.320000052E0,2.973999939E2,3.790092468E0,2.500000000E0
6.678340711E1,6.778348886E1,2.482249915E1,2.434827185E2,1.230000019E0,2.881000061E2,3.790092468E0,2.500000000E0
6.778364961E1,6.778349211E1,2.482247097E1,2.426117054E2,1.240000010E0,2.808999939E2,3.790092468E0,2.500000000E0
6.878382013E1,6.778349376E1,2.482244069E1,2.423830886E2,1.230000019E0,2.732999878E2,3.790092468E0,2.500000000E0
6.978401247E1,6.778349548E1,2.482240733E1,2.423339114E2,1.340000033E0,2.801000061E2,3.790092468E0,2.500000000E0
7.078342070E1,6.778349853E1,2.482237482E1,2.416695586E2,1.360000014E0,2.805000000E2,3.790092468E0,2.500000000E0
7.178381654E1,6.778349996E1,2.482234401E1,2.417037591E2,1.299999952E0,2.717000122E2,3.790092468E0,2.500000000E0
7.278427028E1,6.778350058E1,2.482231641E1,2.414627578E2,1.230000019E0,2.735000000E2,3.790092468E0,2.500000000E0
7.378337190E1,6.778350129E1,2.482228918E1,2.414790810E2,1.159999967E0,2.752000122E2,3.790092468E0,2.500000000E0
7.478384414E1,6.778350138E1,2.482226214E1,2.412958209E2,1.230000019E0,2.701000061E2,3.790092468E0,2.500000000E0
7.578404383E1,6.778350183E1,2.482223321E1,2.409049161E2,1.240000010E0,2.750000000E2,3.790092468E0,2.500000000E0
7.678428799E1,6.778350269E1,2.482220256E1,2.408393256E2,1.289999962E0,2.717999878E2,3.790092468E0,2.500000000E0
7.778360752E1,6.778350340E1,2.482217050E1,2.405073764E2,1.330000043E0,2.801000061E2,3.790092468E0,2.500000000E0
7.878384096E1,6.778350401E1,2.482213825E1,2.401163452E2,1.309999943E0,2.751000061E2,3.790092468E0,2.500000000E0
7.978377664E1,6.778350413E1,2.482210429E1,2.398924273E2,1.299999952E0,2.801000061E2,3.790092468E0,2.500000000E0
8.078429492E1,6.778350515E1,2.482207096E1,2.397951560E2,1.259999990E0,2.812000122E2,3.790092468E0,2.500000000E0
8.178386445E1,6.778350493E1,2.482203839E1,2.396402714E2,1.250000000E0,2.707000122E2,3.790092468E0,2.500000000E0
8.278336096E1,6.778350515E1,2.482200836E1,2.395278081E2,1.169999957E0,2.802999878E2,3.790092468E0,2.500000000E0
8.378357523E1,6.778350727E1,2.482197874E1,2.392726408E2,1.289999962E0,2.836000061E2,3.790092468E0,2.500000000E0
8.478425830E1,6.778350870E1,2.482194694E1,2.390341960E2,1.299999952E0,2.752999878E2,3.790092468E0,2.500000000E0
8.578391377E1,6.778351053E1,2.482191618E1,2.386317501E2,1.259999990E0,2.802999878E2,3.790092468E0,2.500000000E0
8.678352424E1,6.778351366E1,2.482188797E1,2.388649243E2,1.210000038E0,2.831000061E2,3.790092468E0,2.500000000E0
8.778403590E1,6.778351661E1,2.482185650E1,2.389022332E2,1.419999957E0,2.808999939E2,3.790092468E0,2.500000000E0
8.878370392E1,6.778352018E1,2.482182589E1,2.381879548E2,1.360000014E0,2.886000061E2,3.790092468E0,2.500000000E0
8.978407049E1,6.778352300E1,2.482179391E1,2.378648508E2,1.360000014E0,2.790000000E2,3.790092468E0,2.500000000E0
9.078409689E1,6.778352330E1,2.482176047E1,2.374533721E2,1.360000014E0,2.651000061E2,3.790092468E0,2.500000000E0
9.178402694E1,6.778352367E1,2.482172592E1,2.372099216E2,1.440000057E0,2.745000000E2,3.790092468E0,2.500000000E0
9.278365569E1,6.778352454E1,2.482169076E1,2.371238180E2,1.360000014E0,2.762000122E2,3.790092468E0,2.500000000E0
9.378363517E1,6.778352597E1,2.482166197E1,2.368860482E2,1.279999971E0,2.743999939E2,3.790092468E0,2.500000000E0
9.478391845E1,6.778352977E1,2.482163443E1,2.366359453E2,1.389999986E0,2.868999939E2,3.790092468E0,2.500000000E0
9.578410345E1,6.778353195E1,2.482160537E1,2.362670089E2,1.350000024E0,2.715000000E2,3.790092468E0,2.500000000E0
9.678429184E1,6.778353246E1,2.482157547E1,2.359689982E2,1.309999943E0,2.692000122E2,3.790092468E0,2.500000000E0
9.778428668E1,6.778353261E1,2.482154565E1,2.355350023E2,1.269999981E0,2.718999939E2,3.790092468E0,2.500000000E0
9.878356288E1,6.778353329E1,2.482151379E1,2.354852189E2,1.320000052E0,2.663999939E2,3.790092468E0,2.500000000E0
9.978393288E1,6.778353171E1,2.482148246E1,2.351131758E2,1.350000024E0,2.586000061E2,3.790092468E0,2.500000000E0
1.007834045E2,6.778352978E1,2.482145018E1,2.350140207E2,1.370000005E0,2.580000000E2,3.790092468E0,2.500000000E0
1.017838101E2,6.778352905E1,2.482141674E1,2.348038994E2,1.379999995E0,2.667999878E2,3.790092468E0,2.500000000E0
1.027842324E2,6.778352884E1,2.482138301E1,2.351241720E2,1.350000024E0,2.662000122E2,3.790092468E0,2.500000000E0
1.037843061E2,6.778352967E1,2.482134874E1,2.350684650E2,1.360000014E0,2.741000061E2,3.790092468E0,2.500000000E0
1.047838464E2,6.778353114E1,2.482131530E1,2.351379405E2,1.330000043E0,2.730000000E2,3.790092468E0,2.500000000E0
1.057839710E2,6.778353293E1,2.482128462E1,2.353824675E2,1.210000038E0,2.767999878E2,3.790092468E0,2.500000000E0
1.067834118E2,6.778353539E1,2.482125539E1,2.353790087E2,1.269999981E0,2.815000000E2,3.790092468E0,2.500000000E0
1.077837436E2,6.778353813E1,2.482122525E1,2.352792348E2,1.320000052E0,2.793999939E2,3.790092468E0,2.500000000E0
1.087841476E2,6.778354119E1,2.482119647E1,2.350238220E2,1.309999943E0,2.866000061E2,3.790092468E0,2.500000000E0
1.097835048E2,6.778354559E1,2.482116994E1,2.349356452E2,1.240000010E0,2.915000000E2,3.790092468E0,2.500000000E0
1.107840286E2,6.778355023E1,2.482114349E1,2.349558662E2,1.279999971E0,2.986000061E2,3.790092468E0,2.500000000E0
1.117833278E2,6.778355653E1,2.482111920E1,2.351812862E2,1.279999971E0,3.108999939E2,3.790092468E0,2.500000000E0
1.127836609E2,6.778356333E1,2.482109637E1,2.352514333E2,1.289999962E0,3.082999878E2,3.790092468E0,2.500000000E0
1.137841291E2,6.778356940E1,2.482106894E1,2.352622504E2,1.389999986E0,3.008999939E2,3.790092468E0,2.500000000E0
1.147836251E2,6.778357497E1,2.482104165E1,2.352869849E2,1.320000052E0,3.035000000E2,3.790092468E0,2.500000000E0
1.157841110E2,6.778358063E1,2.482101619E1,2.354462428E2,1.279999971E0,3.041000061E2,3.790092468E0,2.500000000E0
1.167836837E2,6.778358568E1,2.482099214E1,2.352637070E2,1.210000038E0,3.010000000E2,3.790092468E0,2.500000000E0
1.177843130E2,6.778359137E1,2.482096891E1,2.354194276E2,1.210000038E0,3.063999939E2,3.790092468E0,2.500000000E0
1.187839022E2,6.778359619E1,2.482094602E1,2.350377970E2,1.220000029E0,3.011000061E2,3.790092468E0,2.500000000E0
1.197834019E2,6.778360107E1,2.482092078E1,2.348601430E2,1.240000010E0,2.951000061E2,3.790092468E0,2.500000000E0
1.207837012E2,6.778360625E1,2.482089560E1,2.348406915E2,1.269999981E0,2.987000122E2,3.790092468E0,2.500000000E0
1.217840615E2,6.778361318E1,2.482087193E1,2.348111058E2,1.269999981E0,3.102000122E2,3.790092468E0,2.500000000E0
1.227834845E2,6.778361902E1,2.482084844E1,2.348484175E2,1.230000019E0,2.962000122E2,3.790092468E0,2.500000000E0
1.237837236E2,6.778362366E1,2.482082169E1,2.344416362E2,1.309999943E0,2.958999939E2,3.790092468E0,2.500000000E0
1.247836332E2,6.778362942E1,2.482079380E1,2.343610839E2,1.379999995E0,3.012999878E2,3.790092468E0,2.500000000E0
1.257837113E2,6.778363467E1,2.482076650E1,2.339904944E2,1.320000052E0,2.988999939E2,3.790092468E0,2.500000000E0
1.267834909E2,6.778364002E1,2.482074161E1,2.340201151E2,1.220000029E0,2.975000000E2,3.790092468E0,2.500000000E0
1.277833719E2,6.778364464E1,2.482071509E1,2.340684123E2,1.259999990E0,2.956000061E2,3.790092468E0,2.500000000E0
1.287838124E2,6.778364827E1,2.482068731E1,2.337733266E2,1.299999952E0,2.847999878E2,3.790092468E0,2.500000000E0
1.297842861E2,6.778365000E1,2.482065688E1,2.336949780E2,1.289999962E0,2.766000061E2,3.790092468E0,2.500000000E0
1.307838439E2,6.778365187E1,2.482062864E1,2.334977352E2,1.210000038E0,2.827000122E2,3.790092468E0,2.500000000E0
1.317834585E2,6.778365450E1,2.482059973E1,2.332627701E2,1.299999952E0,2.853999939E2,3.790092468E0,2.500000000E0
1.327839532E2,6.778365841E1,2.482057057E1,2.328816835E2,1.269999981E0,2.932000122E2,3.790092468E0,2.500000000E0
1.337835709E2,6.778366754E1,2.482054327E1,2.327464365E2,1.649999976E0,3.153999939E2,3.790092468E0,2.500000000E0
1.347841109E2,6.778367942E1,2.482051620E1,2.333627701E2,1.649999976E0,3.177999878E2,3.790092468E0,2.500000000E0
1.357842157E2,6.778369216E1,2.482049287E1,2.346166184E2,1.590000033E0,3.207999878E2,3.790092468E0,2.500000000E0
1.367835495E2,6.778370176E1,2.482046970E1,2.343525300E2,1.259999990E0,3.053999939E2,3.790092468E0,2.500000000E0
1.377840630E2,6.778370792E1,2.482044206E1,2.342349287E2,1.360000014E0,2.957000122E2,3.790092468E0,2.500000000E0
1.387835682E2,6.778371287E1,2.482041142E1,2.341298389E2,1.419999957E0,2.932000122E2,3.790092468E0,2.500000000E0
1.397839456E2,6.778371727E1,2.482037793E1,2.338966952E2,1.470000029E0,2.942999878E2,3.790092468E0,2.500000000E0
1.407841918E2,6.778372272E1,2.482034127E1,2.332707840E2,1.570000052E0,2.946000061E2,3.790092468E0,2.500000000E0
1.417834857E2,6.778372816E1,2.482030995E1,2.332319153E2,1.259999990E0,3.017999878E2,3.790092468E0,2.500000000E0
1.427840615E2,6.778373450E1,2.482028081E1,2.330649954E2,1.480000019E0,3.012000122E2,3.790092468E0,2.500000000E0
1.437835504E2,6.778374219E1,2.482025025E1,2.331351311E2,1.519999981E0,3.080000000E2,3.790092468E0,2.500000000E0
1.447834511E2,6.778375073E1,2.482022219E1,2.331439885E2,1.549999952E0,3.130000000E2,3.790092468E0,2.500000000E0
1.457836021E2,6.778376007E1,2.482019509E1,2.328938731E2,1.519999981E0,3.158999939E2,3.790092468E0,2.500000000E0
1.467837279E2,6.778376810E1,2.482016944E1,2.327629641E2,1.350000024E0,3.098999939E2,3.790092468E0,2.500000000E0
1.477840949E2,6.778377712E1,2.482014859E1,2.326348661E2,1.450000048E0,3.298999939E2,3.790092468E0,2.500000000E0
1.487834314E2,6.778378737E1,2.482013372E1,2.328144506E2,1.350000024E0,3.331000061E2,3.790092468E0,2.500000000E0
1.497838369E2,6.778379666E1,2.482011954E1,2.326114088E2,1.330000043E0,3.283999939E2,3.790092468E0,2.500000000E0
1.507841369E2,6.778380613E1,2.482010539E1,2.328439746E2,1.340000033E0,3.321000061E2,3.790092468E0,2.500000000E0
1.517834718E2,6.778381525E1,2.482009170E1,2.330673254E2,1.279999971E0,3.316000061E2,3.790092468E0,2.500000000E0
1.527833199E2,6.778382435E1,2.482007792E1,2.330403099E2,1.289999962E0,3.346000061E2,3.790092468E0,2.500000000E0
1.537837167E2,6.778383362E1,2.482006851E1,2.329468320E2,1.289999962E0,3.443999939E2,3.790092468E0,2.500000000E0
1.547837483E2,6.778384326E1,2.482005739E1,2.329037051E2,1.279999971E0,3.387000122E2,3.790092468E0,2.500000000E0
1.557843519E2,6.778385320E1,2.482004972E1,2.330982526E2,1.190000057E0,3.506000061E2,3.790092468E0,2.500000000E0
1.567838026E2,6.778386448E1,2.482004784E1,2.331754943E2,1.269999981E0,3.592999878E2,3.790092468E0,2.500000000E0
1.577841806E2,6.778387616E1,2.482004611E1,2.331769295E2,1.340000033E0,3.546000061E2,3.790092468E0,2.500000000E0
1.587836441E2,6.778388734E1,2.482003744E1,2.331305061E2,1.299999952E0,3.412999878E2,3.790092468E0,2.500000000E0
1.597839894E2,6.778389904E1,2.482003143E1,2.330889674E2,1.279999971E0,3.543999939E2,3.790092468E0,2.500000000E0
1.607836587E2,6.778391093E1,2.482002869E1,2.330197832E2,1.259999990E0,3.500000000E2,3.790092468E0,2.500000000E0
1.617839068E2,6.778392279E1,2.482002881E1,2.329490157E2,1.320000052E0,6.999999881E-1,3.790092468E0,2.500000000E0
1.627842963E2,6.778393431E1,2.482003094E1,2.327809003E2,1.299999952E0,3.581000061E2,3.790092468E0,2.500000000E0
1.637837279E2,6.778394659E1,2.482003241E1,2.325949600E2,1.399999976E0,3.578999939E2,3.790092468E0,2.500000000E0
1.647841952E2,6.778395852E1,2.482003668E1,2.323555571E2,1.299999952E0,6.999999881E-1,3.790092468E0,2.500000000E0
1.657835187E2,6.778397018E1,2.482004299E1,2.323915479E2,1.320000052E0,5.000000000E0,3.790092468E0,2.500000000E0
1.667839021E2,6.778398164E1,2.482004567E1,2.323970783E2,1.309999943E0,4.000000060E-1,3.790092468E0,2.500000000E0
1.677833162E2,6.778399322E1,2.482004477E1,2.324505778E2,1.340000033E0,3.593999939E2,3.790092468E0,2.500000000E0
1.687836017E2,6.778400517E1,2.482004343E1,2.323770617E2,1.360000014E0,3.597999878E2,3.790092468E0,2.500000000E0
1.697842304E2,6.778401760E1,2.482004281E1,2.322340873E2,1.279999971E0,3.586000061E2,3.790092468E0,2.500000000E0
1.707841837E2,6.778402974E1,2.482004049E1,2.323033918E2,1.259999990E0,3.522999878E2,3.790092468E0,2.500000000E0
1.717840506E2,6.778404111E1,2.482003864E1,2.322375669E2,1.210000038E0,3.567999878E2,3.790092468E0,2.500000000E0
1.727843017E2,6.778405165E1,2.482003667E1,2.321397614E2,1.220000029E0,3.548999939E2,3.790092468E0,2.500000000E0
1.737835882E2,6.778406246E1,2.482003498E1,2.317516113E2,1.269999981E0,3.580000000E2,3.790092468E0,2.500000000E0
1.747838834E2,6.778407347E1,2.482003653E1,2.316186527E2,1.240000010E0,3.400000095E0,3.790092468E0,2.500000000E0
1.757838932E2,6.778408386E1,2.482003717E1,2.316545787E2,1.289999962E0,4.000000060E-1,3.790092468E0,2.500000000E0
1.767839983E2,6.778409442E1,2.482003671E1,2.316775024E2,1.240000010E0,3.000000119E-1,3.790092468E0,2.500000000E0
1.777843018E2,6.778410570E1,2.482003908E1,2.316038703E2,1.279999971E0,2.700000048E0,3.790092468E0,2.500000000E0
1.787836347E2,6.778411704E1,2.482004035E1,2.315205931E2,1.210000038E0,3.583999939E2,3.790092468E0,2.500000000E0
1.797835127E2,6.778412811E1,2.482003989E1,2.317008643E2,1.210000038E0,3.576000061E2,3.790092468E0,2.500000000E0
1.807839412E2,6.778413964E1,2.482003637E1,2.320259062E2,1.179999948E0,3.480000000E2,3.790092468E0,2.500000000E0
1.817836453E2,6.778415159E1,2.482002951E1,2.319601349E2,1.200000048E0,3.417999878E2,3.790092468E0,2.500000000E0
1.827836500E2,6.778416350E1,2.482002563E1,2.314825021E2,1.220000029E0,3.520000000E2,3.790092468E0,2.500000000E0
1.837835677E2,6.778417520E1,2.482002399E1,2.312997333E2,1.200000048E0,3.550000000E2,3.790092468E0,2.500000000E0
1.847839101E2,6.778418644E1,2.482002409E1,2.312818847E2,1.090000033E0,3.551000061E2,3.790092468E0,2.500000000E0
1.857835603E2,6.778419749E1,2.482002605E1,2.313192145E2,1.100000024E0,1.500000000E0,3.790092468E0,2.500000000E0
1.867840226E2,6.778420863E1,2.482002975E1,2.311183870E2,1.129999995E0,4.699999809E0,3.790092468E0,2.500000000E0
1.877833883E2,6.778421964E1,2.482003507E1,2.313276570E2,1.179999948E0,1.080000019E1,3.790092468E0,2.500000000E0
1.887835509E2,6.778423097E1,2.482003721E1,2.313083457E2,1.220000029E0,6.000000238E-1,3.790092468E0,2.500000000E0
1.897834338E2,6.778424237E1,2.482003682E1,2.314392388E2,1.159999967E0,3.585000000E2,3.790092468E0,2.500000000E0
1.907840021E2,6.778425451E1,2.482003457E1,2.316742539E2,1.269999981E0,3.572000122E2,3.790092468E0,2.500000000E0
1.917842517E2,6.778426642E1,2.482003404E1,2.316521304E2,1.230000019E0,3.099999905E0,3.790092468E0,2.500000000E0
1.927837039E2,6.778427713E1,2.482003257E1,2.317269325E2,1.159999967E0,3.578999939E2,3.790092468E0,2.500000000E0
1.937838339E2,6.778428777E1,2.482002949E1,2.321009272E2,1.139999986E0,3.567999878E2,3.790092468E0,2.500000000E0
1.947836490E2,6.778429851E1,2.482002839E1,2.321856784E2,1.179999948E0,3.581000061E2,3.790092468E0,2.500000000E0
1.957840229E2,6.778430895E1,2.482003015E1,2.319039176E2,1.110000014E0,5.199999809E0,3.790092468E0,2.500000000E0
1.967840860E2,6.778431863E1,2.482003000E1,2.317527106E2,1.110000014E0,3.583999939E2,3.790092468E0,2.500000000E0
1.977843536E2,6.778432844E1,2.482003170E1,2.317688028E2,1.169999957E0,1.130000019E1,3.790092468E0,2.500000000E0
1.987838180E2,6.778433802E1,2.482003416E1,2.317900234E2,1.039999962E0,4.599999905E0,3.790092468E0,2.500000000E0
1.997842154E2,6.778434731E1,2.482003323E1,2.316585306E2,1.080000043E0,3.562000122E2,3.790092468E0,2.500000000E0
2.007836000E2,6.778435622E1,2.482003119E1,2.316406849E2,1.070000052E0,3.563999939E2,3.790092468E0,2.500000000E0
2.017841103E2,6.778436657E1,2.482003228E1,2.317048098E2,1.179999948E0,5.500000000E0,3.790092468E0,2.500000000E0
2.027834018E2,6.778437641E1,2.482003326E1,2.320319972E2,1.059999943E0,1.899999976E0,3.790092468E0,2.500000000E0
2.037837081E2,6.778438680E1,2.482003511E1,2.321741258E2,1.059999943E0,5.599999905E0,3.790092468E0,2.500000000E0
2.047835250E2,6.778439816E1,2.482003586E1,2.323547640E2,1.169999957E0,3.700000048E0,3.790092468E0,2.500000000E0
2.057833488E2,6.778441011E1,2.482003794E1,2.321447164E2,1.169999957E0,3.588999939E2,3.790092468E0,2.500000000E0
2.067842150E2,6.778442127E1,2.482003667E1,2.319463243E2,1.200000048E0,3.563999939E2,3.790092468E0,2.500000000E0
2.077841269E2,6.778443278E1,2.482003741E1,2.320622038E2,1.169999957E0,2.700000048E0,3.790092468E0,2.500000000E0
2.087835904E2,6.778444325E1,2.482004117E1,2.320321543E2,1.120000005E0,1.039999962E1,3.790092468E0,2.500000000E0
2.097841809E2,6.778445525E1,2.482004854E1,2.315968321E2,1.279999971E0,1.150000000E1,3.790092468E0,2.500000000E0
2.107836573E2,6.778446811E1,2.482005544E1,2.312436606E2,1.320000052E0,9.899999619E0,3.790092468E0,2.500000000E0
2.117838304E2,6.778448037E1,2.482006191E1,2.311826654E2,1.350000024E0,1.230000019E1,3.790092468E0,2.500000000E0
2.127835993E2,6.778449281E1,2.482006901E1,2.310446440E2,1.340000033E0,8.500000000E0,3.790092468E0,2.500000000E0
2.137842708E2,6.778450547E1,2.482007564E1,2.312767388E2,1.360000014E0,1.310000038E1,3.790092468E0,2.500000000E0
2.147837890E2,6.778451652E1,2.482008453E1,2.309057517E2,1.279999971E0,2.189999962E1,3.790092468E0,2.500000000E0
2.157842729E2,6.778452605E1,2.482009808E1,2.305897054E2,1.289999962E0,3.010000038E1,3.790092468E0,2.500000000E0
2.167837664E2,6.778453468E1,2.482011389E1,2.304440131E2,1.259999990E0,3.209999847E1,3.790092468E0,2.500000000E0
2.177838212E2,6.778454325E1,2.482013004E1,2.305100522E2,1.220000029E0,3.550000000E1,3.790092468E0,2.500000000E0
2.187836273E2,6.778455294E1,2.482014484E1,2.303613655E2,1.250000000E0,2.939999962E1,3.790092468E0,2.500000000E0
2.197839339E2,6.778456138E1,2.482016098E1,2.299725709E2,1.169999957E0,4.120000076E1,3.790092468E0,2.500000000E0
2.207836501E2,6.778456794E1,2.482018270E1,2.298176742E2,1.250000000E0,4.740000153E1,3.790092468E0,2.500000000E0
2.217835676E2,6.778457283E1,2.482020797E1,2.292927906E2,1.289999962E0,5.640000153E1,3.790092468E0,2.500000000E0
2.227834037E2,6.778457773E1,2.482023383E1,2.290991454E2,1.269999981E0,5.600000000E1,3.790092468E0,2.500000000E0
2.237838427E2,6.778458309E1,2.482025447E1,2.290891477E2,1.000000000E0,4.729999924E1,3.790092468E0,2.500000000E0
2.247834936E2,6.778458821E1,2.482027631E1,2.291540421E2,1.149999976E0,5.540000153E1,3.790092468E0,2.500000000E0
2.257840991E2,6.778459315E1,2.482030274E1,2.291395968E2,1.289999962E0,6.250000000E1,3.790092468E0,2.500000000E0
2.267836409E2,6.778459963E1,2.482032670E1,2.291183089E2,1.200000048E0,5.059999847E1,3.790092468E0,2.500000000E0
2.277841540E2,6.778460636E1,2.482034683E1,2.291588444E2,1.139999986E0,5.050000000E1,3.790092468E0,2.500000000E0
2.287835853E2,6.778461246E1,2.482037092E1,2.295618130E2,1.240000010E0,6.190000153E1,3.790092468E0,2.500000000E0
2.297840980E2,6.778461835E1,2.482039335E1,2.293364841E2,1.159999967E0,4.890000153E1,3.790092468E0,2.500000000E0
2.307833827E2,6.778462392E1,2.482041381E1,2.294440394E2,1.080000043E0,5.459999847E1,3.790092468E0,2.500000000E0
2.317835617E2,6.778462833E1,2.482043648E1,2.297721201E2,1.129999995E0,6.530000305E1,3.790092468E0,2.500000000E0
2.327841682E2,6.778463279E1,2.482045927E1,2.294745905E2,1.110000014E0,4.959999847E1,3.790092468E0,2.500000000E0
2.337836802E2,6.778463699E1,2.482048252E1,2.294031362E2,1.149999976E0,6.659999847E1,3.790092468E0,2.500000000E0
2.347840235E2,6.778464103E1,2.482050396E1,2.292870024E2,1.009999990E0,5.409999847E1,3.790092468E0,2.500000000E0
2.357836827E2,6.778464602E1,2.482052749E1,2.292445994E2,1.190000057E0,5.940000153E1,3.790092468E0,2.500000000E0
2.367841597E2,6.778465172E1,2.482055187E1,2.288749252E2,1.139999986E0,5.470000076E1,3.790092468E0,2.500000000E0
2.377835458E2,6.778465790E1,2.482057436E1,2.289991440E2,1.149999976E0,5.629999924E1,3.790092468E0,2.500000000E0
2.387839310E2,6.778466439E1,2.482059491E1,2.289108354E2,1.110000014E0,5.250000000E1,3.790092468E0,2.500000000E0
2.397835021E2,6.778466951E1,2.482061687E1,2.291170264E2,1.039999962E0,6.869999695E1,3.790092468E0,2.500000000E0
2.407839651E2,6.778467210E1,2.482064116E1,2.291215049E2,1.059999943E0,7.819999695E1,3.790092468E0,2.500000000E0
2.417834863E2,6.778467445E1,2.482066653E1,2.291305019E2,1.070000052E0,7.400000000E1,3.790092468E0,2.500000000E0
2.427836756E2,6.778467665E1,2.482069348E1,2.289144645E2,1.129999995E0,7.440000153E1,3.790092468E0,2.500000000E0
2.437834271E2,6.778468184E1,2.482071943E1,2.288160946E2,1.169999957E0,5.900000000E1,3.790092468E0,2.500000000E0
2.447839789E2,6.778468643E1,2.482074474E1,2.287180916E2,1.110000014E0,6.950000000E1,3.790092468E0,2.500000000E0
2.457841287E2,6.778469005E1,2.482077255E1,2.285463634E2,1.129999995E0,6.200000000E1,3.790092468E0,2.500000000E0
2.467836682E2,6.778469408E1,2.482079981E1,2.283906248E2,1.230000019E0,6.400000000E1,3.790092468E0,2.500000000E0
2.477835024E2,6.778469817E1,2.482082722E1,2.287373887E2,1.179999948E0,6.359999847E1,3.790092468E0,2.500000000E0
2.487839461E2,6.778470092E1,2.482085623E1,2.287737938E2,1.190000057E0,7.169999695E1,3.790092468E0,2.500000000E0
2.497835377E2,6.778470291E1,2.482088673E1,2.287903661E2,1.190000057E0,8.300000000E1,3.790092468E0,2.500000000E0
2.507841845E2,6.778470421E1,2.482091611E1,2.290250174E2,1.159999967E0,8.519999695E1,3.790092468E0,2.500000000E0
2.517835043E2,6.778470578E1,2.482094357E1,2.288671486E2,1.110000014E0,8.200000000E1,3.790092468E0,2.500000000E0
2.527833571E2,6.778470852E1,2.482097068E1,2.290651115E2,1.190000057E0,7.880000305E1,3.790092468E0,2.500000000E0
2.537837014E2,6.778471243E1,2.482099677E1,2.292744841E2,1.149999976E0,7.209999847E1,3.790092468E0,2.500000000E0
2.547842022E2,6.778471588E1,2.482102066E1,2.292632130E2,1.139999986E0,7.559999847E1,3.790092468E0,2.500000000E0
2.557834108E2,6.778471896E1,2.482104505E1,2.293054102E2,1.159999967E0,6.659999847E1,3.790092468E0,2.500000000E0
2.567838862E2,6.778472254E1,2.482107217E1,2.295238791E2,1.179999948E0,7.380000305E1,3.790092468E0,2.500000000E0
2.577833670E2,6.778472580E1,2.482109944E1,2.298609401E2,1.190000057E0,7.850000000E1,3.790092468E0,2.500000000E0
2.587834851E2,6.778473009E1,2.482112634E1,2.300170901E2,1.190000057E0,7.759999847E1,3.790092468E0,2.500000000E0
2.597839792E2,6.778473459E1,2.482115033E1,2.301165345E2,1.049999952E0,7.019999695E1,3.790092468E0,2.500000000E0
2.607840218E2,6.778473797E1,2.482117143E1,2.304555410E2,1.039999962E0,7.730000305E1,3.790092468E0,2.500000000E0
2.617835172E2,6.778474038E1,2.482119586E1,2.303799420E2,1.080000043E0,7.980000305E1,3.790092468E0,2.500000000E0
2.627840411E2,6.778474332E1,2.482122110E1,2.304785370E2,1.039999962E0,7.490000153E1,3.790092468E0,2.500000000E0
2.637837556E2,6.778474426E1,2.482124490E1,2.305406360E2,1.029999971E0,9.559999847E1,3.790092468E0,2.500000000E0
2.647842598E2,6.778474588E1,2.482126914E1,2.308333248E2,1.029999971E0,7.969999695E1,3.790092468E0,2.500000000E0
2.657835013E2,6.778474924E1,2.482129395E1,2.310969574E2,1.070000052E0,7.580000305E1,3.790092468E0,2.500000000E0
2.667839695E2,6.778475222E1,2.482131711E1,2.312850274E2,9.599999785E-1,8.480000305E1,3.790092468E0,2.500000000E0
2.677838213E2,6.778475340E1,2.482134169E1,2.313594558E2,1.070000052E0,9.190000153E1,3.790092468E0,2.500000000E0
2.687834987E2,6.778475525E1,2.482136499E1,2.316046576E2,1.009999990E0,7.759999847E1,3.790092468E0,2.500000000E0
2.697834803E2,6.778475768E1,2.482138949E1,2.318647519E2,1.000000000E0,8.200000000E1,3.790092468E0,2.500000000E0
2.707840430E2,6.778475846E1,2.482141306E1,2.320223100E2,9.100000262E-1,9.209999847E1,3.790092468E0,2.500000000E0
2.717836782E2,6.778475749E1,2.482143533E1,2.322036134E2,8.700000048E-1,9.990000153E1,3.790092468E0,2.500000000E0
2.727841034E2,6.778475681E1,2.482145487E1,2.322941535E2,7.699999809E-1,9.240000153E1,3.790092468E0,2.500000000E0
2.737835532E2,6.778475797E1,2.482147734E1,2.323495975E2,9.399999976E-1,7.769999695E1,3.790092468E0,2.500000000E0
2.747836080E2,6.778475789E1,2.482149996E1,2.328083040E2,9.100000262E-1,9.309999847E1,3.790092468E0,2.500000000E0
2.757839346E2,6.778475705E1,2.482152155E1,2.329886296E2,8.600000143E-1,8.880000305E1,3.790092468E0,2.500000000E0
2.767835065E2,6.778475723E1,2.482154111E1,2.332971853E2,7.699999809E-1,9.250000000E1,3.790092468E0,2.500000000E0
2.777837668E2,6.778475903E1,2.482156113E1,2.334532109E2,8.999999762E-1,7.469999695E1,3.790092468E0,2.500000000E0
2.787843031E2,6.778476048E1,2.482157959E1,2.336284615E2,7.900000215E-1,8.280000305E1,3.790092468E0,2.500000000E0
2.797835474E2,6.778476069E1,2.482159780E1,2.336718177E2,8.500000238E-1,8.790000153E1,3.790092468E0,2.500000000E0
2.807840142E2,6.778476035E1,2.482161718E1,2.340122348E2,8.100000024E-1,9.359999847E1,3.790092468E0,2.500000000E0
2.817833440E2,6.778476148E1,2.482163656E1,2.339714838E2,9.700000286E-1,8.080000305E1,3.790092468E0,2.500000000E0
2.827837107E2,6.778476294E1,2.482165712E1,2.341833580E2,9.100000262E-1,8.869999695E1,3.790092468E0,2.500000000E0
2.837839564E2,6.778476497E1,2.482167708E1,2.344823883E2,8.700000048E-1,7.450000000E1,3.790092468E0,2.500000000E0
2.847842417E2,6.778476599E1,2.482169663E1,2.343257931E2,8.999999762E-1,8.050000000E1,3.790092468E0,2.500000000E0
2.857833998E2,6.778476554E1,2.482171694E1,2.345415777E2,8.799999952E-1,9.259999847E1,3.790092468E0,2.500000000E0
2.867840286E2,6.778476550E1,2.482173640E1,2.346203364E2,8.100000024E-1,8.609999847E1,3.790092468E0,2.500000000E0
2.877838749E2,6.778476508E1,2.482175453E1,2.350103737E2,9.100000262E-1,9.850000000E1,3.790092468E0,2.500000000E0
2.887835020E2,6.778476377E1,2.482177643E1,2.349848903E2,1.039999962E0,1.011999969E2,3.790092468E0,2.500000000E0
2.897839397E2,6.778476414E1,2.482179618E1,2.347904551E2,8.299999833E-1,9.040000153E1,3.790092468E0,2.500000000E0
2.907837032E2,6.778476664E1,2.482181611E1,2.345161810E2,8.899999857E-1,7.990000153E1,3.790092468E0,2.500000000E0
2.917841729E2,6.778476984E1,2.482183709E1,2.347776121E2,8.899999857E-1,7.090000153E1,3.790092468E0,2.500000000E0
2.927834599E2,6.778477351E1,2.482185599E1,2.349013444E2,8.799999952E-1,6.750000000E1,3.790092468E0,2.500000000E0
2.937837704E2,6.778477871E1,2.482187598E1,2.353347667E2,1.100000024E0,6.300000000E1,3.790092468E0,2.500000000E0
2.947833163E2,6.778478266E1,2.482189769E1,2.351701715E2,9.499999881E-1,7.840000153E1,3.790092468E0,2.500000000E0
2.957835137E2,6.778478406E1,2.482192050E1,2.351140431E2,1.029999971E0,8.769999695E1,3.790092468E0,2.500000000E0
2.967839495E2,6.778478536E1,2.482194389E1,2.354465265E2,9.800000191E-1,8.290000153E1,3.790092468E0,2.500000000E0
2.977833658E2,6.778478791E1,2.482195630E1,2.354622824E2,5.099999905E-1,5.259999847E1,3.790092468E0,2.500000000E0
2.987833434E2,6.778480617E1,2.482194338E1,2.353692064E2,2.980000019E0,3.440000000E2,3.790092468E0,2.500000000E0
2.997834223E2,6.778477665E1,2.482198260E1,2.352515860E2,8.000000119E-1,7.759999847E1,3.911047697E0,2.500000000E0
3.007839359E2,6.778477794E1,2.482199879E1,2.355512850E2,8.600000143E-1,8.280000305E1,3.906119823E0,2.500000000E0
3.017838966E2,6.778477660E1,2.482201476E1,2.357877574E2,8.100000024E-1,9.450000000E1,3.790092468E0,2.500000000E0
3.027838082E2,6.778477774E1,2.482203510E1,2.357864973E2,9.200000167E-1,9.450000000E1,3.790092468E0,2.500000000E0
3.037837736E2,6.778477904E1,2.482205784E1,2.360744853E2,8.999999762E-1,8.290000153E1,3.790092468E0,2.500000000E0
3.047834597E2,6.778478001E1,2.482207290E1,2.363796158E2,6.000000238E-1,7.759999847E1,3.790092468E0,2.500000000E0
3.057834143E2,6.778477983E1,2.482208823E1,2.364976155E2,7.699999809E-1,8.359999847E1,3.790092468E0,2.500000000E0
3.067836135E2,6.778477875E1,2.482210074E1,2.366681042E2,5.899999738E-1,8.780000305E1,3.790092468E0,2.500000000E0
3.077840284E2,6.778477744E1,2.482211395E1,2.368324298E2,6.800000072E-1,9.859999847E1,3.790092468E0,2.500000000E0
3.087835655E2,6.778477522E1,2.482212715E1,2.369460982E2,6.100000143E-1,1.034000015E2,3.790092468E0,2.500000000E0
3.097839767E2,6.778477321E1,2.482214381E1,2.367912157E2,8.399999738E-1,1.010999985E2,3.790092468E0,2.500000000E0
3.107834195E2,6.778477201E1,2.482216121E1,2.366808267E2,6.899999976E-1,9.319999695E1,3.790092468E0,2.500000000E0
3.117836461E2,6.778477213E1,2.482217646E1,2.368499731E2,6.499999762E-1,8.869999695E1,3.790092468E0,2.500000000E0
3.127835532E2,6.778477346E1,2.482219222E1,2.366627330E2,7.300000191E-1,8.280000305E1,3.790092468E0,2.500000000E0
3.137839634E2,6.778477548E1,2.482220831E1,2.365721713E2,6.600000262E-1,7.790000153E1,3.790092468E0,2.500000000E0
3.147835625E2,6.778477717E1,2.482222899E1,2.365281857E2,9.100000262E-1,7.930000305E1,3.790092468E0,2.500000000E0
3.157836428E2,6.778477881E1,2.482225290E1,2.369236572E2,9.499999881E-1,8.219999695E1,3.790092468E0,2.500000000E0
3.167838234E2,6.778478039E1,2.482227664E1,2.371447512E2,8.700000048E-1,8.419999695E1,3.790092468E0,2.500000000E0
3.177837730E2,6.778478150E1,2.482230040E1,2.372240006E2,9.700000286E-1,8.550000000E1,3.790092468E0,2.500000000E0
3.187838419E2,6.778478201E1,2.482232418E1,2.374328902E2,8.899999857E-1,8.690000153E1,3.790092468E0,2.500000000E0
3.197842071E2,6.778478186E1,2.482234754E1,2.370729331E2,8.999999762E-1,9.300000000E1,3.790092468E0,2.500000000E0
3.207834520E2,6.778478182E1,2.482237093E1,2.373586057E2,9.300000072E-1,9.369999695E1,3.790092468E0,2.500000000E0
3.217841191E2,6.778478243E1,2.482239335E1,2.375182991E2,8.700000048E-1,8.800000000E1,3.790092468E0,2.500000000E0
3.227838486E2,6.778478340E1,2.482241413E1,2.374836537E2,8.199999928E-1,8.240000153E1,3.790092468E0,2.500000000E0
3.237838882E2,6.778478498E1,2.482243641E1,2.375943333E2,9.900000095E-1,7.819999695E1,3.790092468E0,2.500000000E0
3.247834400E2,6.778478595E1,2.482246041E1,2.373595575E2,9.700000286E-1,8.230000305E1,3.790092468E0,2.500000000E0
3.257843173E2,6.778478755E1,2.482248510E1,2.375630745E2,1.049999952E0,7.800000000E1,3.790092468E0,2.500000000E0
3.267834470E2,6.778478912E1,2.482251086E1,2.376967686E2,1.070000052E0,7.900000000E1,3.790092468E0,2.500000000E0
3.277838092E2,6.778479114E1,2.482253631E1,2.376174485E2,1.039999962E0,7.719999695E1,3.790092468E0,2.500000000E0
3.287837561E2,6.778479312E1,2.482255723E1,2.375622931E2,8.700000048E-1,7.219999695E1,3.790092468E0,2.500000000E0
3.297837936E2,6.778479395E1,2.482257695E1,2.377191140E2,8.199999928E-1,8.550000000E1,3.790092468E0,2.500000000E0
3.307837371E2,6.778479327E1,2.482259160E1,2.372904833E2,8.299999833E-1,9.769999695E1,3.790092468E0,2.500000000E0
3.317842483E2,6.778478185E1,2.482260391E1,2.370826392E2,1.799999952E0,1.573000031E2,3.790092468E0,2.500000000E0
3.327838294E2,6.778477444E1,2.482261653E1,2.366542660E2,9.399999976E-1,9.730000305E1,3.790092468E0,2.500000000E0
3.337842404E2,6.778477406E1,2.482262990E1,2.368685773E2,8.199999928E-1,8.780000305E1,3.790092468E0,2.500000000E0
3.347837262E2,6.778476404E1,2.482265050E1,2.369561500E2,2.119999886E0,1.436000061E2,3.790092468E0,2.500000000E0
3.357833536E2,6.778474522E1,2.482261846E1,2.360038855E2,3.069999933E0,2.236999969E2,3.790092468E0,2.500000000E0
3.367833378E2,6.778474226E1,2.482255790E1,2.362491814E2,1.960000038E0,2.802999878E2,3.790092468E0,2.500000000E0
3.377837984E2,6.778474940E1,2.482252066E1,2.370533192E2,1.110000014E0,2.843999939E2,3.790092468E0,2.500000000E0
3.387834141E2,6.778475631E1,2.482249643E1,2.369089869E2,1.110000014E0,2.922000122E2,3.790092468E0,2.500000000E0
3.397834753E2,6.778476340E1,2.482247797E1,2.379873172E2,1.100000024E0,2.970000000E2,3.790092468E0,2.500000000E0
3.407838510E2,6.778477341E1,2.482246668E1,2.385072996E2,1.179999948E0,3.202999878E2,3.790092468E0,2.500000000E0
3.417837932E2,6.778478580E1,2.482246517E1,2.384382989E2,1.120000005E0,3.386000061E2,3.790092468E0,2.500000000E0
3.427833863E2,6.778479655E1,2.482247424E1,2.397780061E2,1.110000014E0,3.000000000E0,3.790092468E0,2.500000000E0
3.437834996E2,6.778480587E1,2.482248641E1,2.400765826E2,1.009999990E0,3.582999878E2,3.790092468E0,2.500000000E0
3.447834098E2,6.778481439E1,2.482249784E1,2.412275772E2,9.900000095E-1,2.400000095E0,3.790092468E0,2.500000000E0
3.457837205E2,6.778482212E1,2.482251012E1,2.419160502E2,9.599999785E-1,3.400000095E0,3.790092468E0,2.500000000E0
3.467837871E2,6.778482929E1,2.482252150E1,2.409186104E2,9.700000286E-1,3.556000061E2,3.790092468E0,2.500000000E0
3.477840588E2,6.778483614E1,2.482252687E1,2.418896090E2,9.900000095E-1,3.461000061E2,3.790092468E0,2.500000000E0
3.487844025E2,6.778484401E1,2.482254726E1,2.421471831E2,1.370000005E0,3.320000076E1,3.790092468E0,2.500000000E0
3.497848403E2,6.778484756E1,2.482258043E1,2.432521339E2,1.080000043E0,6.700000000E1,3.790092468E0,2.500000000E0
3.507843458E2,6.778484565E1,2.482261357E1,2.427077444E2,8.399999738E-1,8.559999847E1,3.790092468E0,2.500000000E0
3.517852821E2,6.778484330E1,2.482264379E1,2.427408672E2,8.000000119E-1,8.240000153E1,3.790092468E0,2.500000000E0
3.527846579E2,6.778484006E1,2.482267300E1,2.415933267E2,6.499999762E-1,9.869999695E1,3.790092468E0,2.500000000E0
3.537846053E2,6.778483678E1,2.482270112E1,2.417003017E2,6.299999952E-1,9.580000305E1,3.790092468E0,2.500000000E0
3.547851391E2,6.778483182E1,2.482273532E1,2.417059695E2,1.070000052E0,1.174000015E2,3.790092468E0,2.500000000E0
3.557852749E2,6.778484308E1,2.482277660E1,2.412724596E2,2.779999971E0,3.110000038E1,3.790092468E0,2.500000000E0
3.567848493E2,6.778485208E1,2.482280947E1,2.410315720E2,6.800000072E-1,9.819999695E1,3.790092468E0,2.500000000E0
3.577847591E2,6.778486697E1,2.482284068E1,2.405326118E2,3.339999914E0,2.570000076E1,3.790092468E0,2.500000000E0
3.587852329E2,6.778488532E1,2.482282299E1,2.399891514E2,3.039999962E0,3.137000122E2,3.790092468E0,2.500000000E0
3.597849829E2,6.778488236E1,2.482281222E1,2.400233862E2,5.799999833E-1,1.076999969E2,3.790092468E0,2.500000000E0
3.607845282E2,6.778489458E1,2.482286840E1,2.395612053E2,4.809999943E0,3.579999924E1,3.790092468E0,2.500000000E0
3.617844029E2,6.778490119E1,2.482291140E1,2.393164902E2,7.799999714E-1,1.194000015E2,3.790092468E0,2.500000000E0
3.627850744E2,6.778489902E1,2.482294721E1,2.392063086E2,2.500000000E0,4.990000153E1,3.790092468E0,2.500000000E0
3.637852419E2,6.778489523E1,2.482297349E1,2.387645765E2,8.100000024E-1,1.061999969E2,3.790092468E0,2.500000000E0
3.647847693E2,6.778489482E1,2.482299525E1,2.388473672E2,1.909999967E0,4.070000076E1,3.790092468E0,2.500000000E0
3.657843744E2,6.778489508E1,2.482301494E1,2.376221094E2,8.999999762E-1,7.150000000E1,3.790092468E0,2.500000000E0
3.667846199E2,6.778488739E1,2.482303240E1,2.376781176E2,1.039999962E0,1.118000031E2,3.790092468E0,2.500000000E0
3.677850407E2,6.778487687E1,2.482304825E1,2.374504392E2,9.100000262E-1,1.278000031E2,3.790092468E0,2.500000000E0
3.687850395E2,6.778486626E1,2.482306068E1,2.374208771E2,8.899999857E-1,1.348999939E2,3.790092468E0,2.500000000E0
3.697850596E2,6.778485576E1,2.482307457E1,2.369618120E2,1.019999981E0,1.356000061E2,3.790092468E0,2.500000000E0
3.707846193E2,6.778484629E1,2.482309180E1,2.365933247E2,9.200000167E-1,1.266999969E2,3.790092468E0,2.500000000E0
3.717848654E2,6.778483647E1,2.482311156E1,2.367075072E2,9.300000072E-1,1.308000031E2,3.790092468E0,2.500000000E0
3.727844653E2,6.778482569E1,2.482312993E1,2.366355941E2,9.900000095E-1,1.346999969E2,3.790092468E0,2.500000000E0
3.737845791E2,6.778481354E1,2.482314270E1,2.367293881E2,9.900000095E-1,1.558999939E2,3.790092468E0,2.500000000E0
3.747848286E2,6.778480085E1,2.482315186E1,2.370788552E2,8.799999952E-1,1.591000061E2,3.790092468E0,2.500000000E0
3.757850775E2,6.778478802E1,2.482316378E1,2.369913753E2,1.009999990E0,1.481999969E2,3.790092468E0,2.500000000E0
3.767853195E2,6.778477231E1,2.482315936E1,2.370216195E2,1.509999990E0,2.045000000E2,3.790092468E0,2.500000000E0
3.777848346E2,6.778475848E1,2.482315589E1,2.375900684E2,9.200000167E-1,1.706000061E2,3.790092468E0,2.500000000E0
3.787844274E2,6.778474496E1,2.482314095E1,2.374830267E2,1.679999948E0,2.248000031E2,3.790092468E0,2.500000000E0
3.797846362E2,6.778473208E1,2.482313708E1,2.371321613E2,1.059999943E0,1.645000000E2,3.790092468E0,2.500000000E0
3.807849015E2,6.778472024E1,2.482315321E1,2.373953311E2,1.070000052E0,1.538999939E2,3.790092468E0,2.500000000E0
3.817849807E2,6.778470752E1,2.482314887E1,2.376476753E2,1.139999986E0,1.736999969E2,3.790092468E0,2.500000000E0
3.827843698E2,6.778469555E1,2.482310757E1,2.371973367E2,2.519999981E0,2.438999939E2,3.790092468E0,2.500000000E0
3.837851591E2,6.778468508E1,2.482308563E1,2.371283654E2,1.059999943E0,1.736999969E2,3.790092468E0,2.500000000E0
3.847849932E2,6.778467511E1,2.482307850E1,2.364984366E2,1.200000048E0,2.218000031E2,3.790092468E0,2.500000000E0
3.857849904E2,6.778466532E1,2.482307829E1,2.370375829E2,1.110000014E0,1.693999939E2,3.790092468E0,2.500000000E0
3.867851353E2,6.778465511E1,2.482305898E1,2.375894638E2,2.079999924E0,2.366999969E2,3.790092468E0,2.500000000E0
3.877847241E2,6.778464501E1,2.482304938E1,2.386379380E2,1.230000019E0,1.836999969E2,3.790092468E0,2.500000000E0
3.887848421E2,6.778463862E1,2.482302832E1,2.387548713E2,2.119999886E0,2.528000031E2,3.790092468E0,2.500000000E0
3.897849173E2,6.778463147E1,2.482302091E1,2.384385951E2,1.139999986E0,1.810000000E2,3.790092468E0,2.500000000E0
3.907844800E2,6.778462409E1,2.482301780E1,2.382147318E2,1.309999943E0,2.356999969E2,3.790092468E0,2.500000000E0
3.917844006E2,6.778461599E1,2.482302313E1,2.382010854E2,1.100000024E0,1.706000061E2,3.790092468E0,2.500000000E0
3.927853051E2,6.778460620E1,2.482302503E1,2.383543090E2,1.279999971E0,2.238999939E2,3.790092468E0,2.500000000E0
3.937851366E2,6.778459615E1,2.482303201E1,2.386228958E2,1.059999943E0,1.740000000E2,3.790092468E0,2.500000000E0
3.947847199E2,6.778458504E1,2.482303276E1,2.383269024E2,1.379999995E0,2.206000061E2,3.790092468E0,2.500000000E0
3.957844895E2,6.778457343E1,2.482303614E1,2.384042043E2,1.220000029E0,1.766000061E2,3.790092468E0,2.500000000E0
3.967848767E2,6.778456229E1,2.482302517E1,2.379092223E2,1.779999971E0,2.313999939E2,3.790092468E0,2.500000000E0
3.977846444E2,6.778455125E1,2.482302494E1,2.378212354E2,1.120000005E0,1.735000000E2,3.790092468E0,2.500000000E0
3.987852975E2,6.778454183E1,2.482303821E1,2.371426236E2,8.199999928E-1,1.796000061E2,3.790092468E0,2.500000000E0
3.997845875E2,6.778453488E1,2.482303586E1,2.364066752E2,1.190000057E0,2.348000031E2,3.790092468E0,2.500000000E0
4.007847485E2,6.778452580E1,2.482304247E1,2.367197539E2,1.149999976E0,1.680000000E2,3.790092468E0,2.500000000E0
4.017847052E2,6.778451632E1,2.482303640E1,2.368705868E2,1.750000000E0,2.358000031E2,3.790092468E0,2.500000000E0
4.027847294E2,6.778450629E1,2.482303605E1,2.367661179E2,1.149999976E0,1.796999969E2,3.790092468E0,2.500000000E0
4.037844088E2,6.778449853E1,2.482302349E1,2.368847125E2,1.840000033E0,2.488000031E2,3.790092468E0,2.500000000E0
4.047851745E2,6.778448952E1,2.482302321E1,2.367427656E2,1.330000043E0,1.761000061E2,3.790092468E0,2.500000000E0
4.057846308E2,6.778448141E1,2.482301455E1,2.365920175E2,1.820000052E0,2.448000031E2,3.790092468E0,2.500000000E0
4.067848310E2,6.778447363E1,2.482301739E1,2.367823469E2,1.200000048E0,1.726000061E2,3.790092468E0,2.500000000E0
4.077843435E2,6.778446327E1,2.482299059E1,2.362725736E2,3.029999971E0,2.461999969E2,3.790092468E0,2.500000000E0
4.087851854E2,6.778445514E1,2.482298109E1,2.366350082E2,1.090000033E0,1.755000000E2,3.790092468E0,2.500000000E0
4.097853222E2,6.778444852E1,2.482297194E1,2.365035431E2,1.990000010E0,2.441000061E2,3.790092468E0,2.500000000E0
4.107844593E2,6.778444201E1,2.482297451E1,2.365001436E2,1.000000000E0,1.731000061E2,3.790092468E0,2.500000000E0
4.117849978E2,6.778443545E1,2.482296657E1,2.360975617E2,1.960000038E0,2.436999969E2,3.790092468E0,2.500000000E0
4.127852623E2,6.778442870E1,2.482296841E1,2.356146696E2,1.029999971E0,1.743000031E2,3.790092468E0,2.500000000E0
4.137850814E2,6.778442306E1,2.482295712E1,2.353127896E2,1.899999976E0,2.526999969E2,3.790092468E0,2.500000000E0
4.147850985E2,6.778441826E1,2.482296251E1,2.349494040E2,9.499999881E-1,1.551000061E2,3.790092468E0,2.500000000E0
4.157849869E2,6.778440390E1,2.482294191E1,2.345896720E2,3.450000048E0,2.283000031E2,3.790092468E0,2.500000000E0
4.167848364E2,6.778439146E1,2.482293149E1,2.343880287E2,9.900000095E-1,1.620000000E2,3.790092468E0,2.500000000E0
4.177844866E2,6.778438131E1,2.482291992E1,2.342426531E2,2.640000105E0,2.341999969E2,3.790092468E0,2.500000000E0
4.187845393E2,6.778438041E1,2.482289878E1,2.329977569E2,1.230000019E0,2.842000122E2,3.790092468E0,2.500000000E0
4.197847536E2,6.778438068E1,2.482291320E1,2.329748243E2,9.399999976E-1,1.653000031E2,3.790092468E0,2.500000000E0
4.207846084E2,6.778437199E1,2.482289868E1,2.327265974E2,2.750000000E0,2.401000061E2,3.790092468E0,2.500000000E0
4.217851780E2,6.778437281E1,2.482287874E1,2.320899749E2,1.169999957E0,2.942000122E2,3.790092468E0,2.500000000E0
4.227843526E2,6.778437964E1,2.482287985E1,2.316160832E2,7.599999905E-1,3.076000061E2,3.790092468E0,2.500000000E0
4.237845894E2,6.778438510E1,2.482288501E1,2.307402830E2,7.500000000E-1,3.182999878E2,3.790092468E0,2.500000000E0
4.247846315E2,6.778438952E1,2.482288953E1,2.298729074E2,7.300000191E-1,3.180000000E2,3.790092468E0,2.500000000E0
4.257851911E2,6.778439302E1,2.482289273E1,2.293152248E2,7.400000095E-1,3.162999878E2,3.790092468E0,2.500000000E0
4.267849706E2,6.778439430E1,2.482289181E1,2.286865585E2,7.599999905E-1,3.020000000E2,3.790092468E0,2.500000000E0
4.277844386E2,6.778437944E1,2.482287608E1,2.279520777E2,3.109999895E0,2.236999969E2,3.790092468E0,2.500000000E0
4.287846311E2,6.778437829E1,2.482287044E1,2.272878281E2,7.599999905E-1,3.207000122E2,3.790092468E0,2.500000000E0
4.297845757E2,6.778438478E1,2.482287545E1,2.262852553E2,7.900000215E-1,2.986000061E2,3.790092468E0,2.500000000E0
4.307850010E2,6.778438832E1,2.482287695E1,2.258550119E2,7.400000095E-1,3.047000122E2,3.790092468E0,2.500000000E0
4.317850466E2,6.778439070E1,2.482287961E1,2.250943283E2,7.400000095E-1,3.147000122E2,3.790092468E0,2.500000000E0
4.327842130E2,6.778439188E1,2.482288115E1,2.245746130E2,7.200000286E-1,3.083999939E2,3.790092468E0,2.500000000E0
4.337846578E2,6.778439290E1,2.482288337E1,2.246763589E2,7.400000095E-1,3.222000122E2,3.790092468E0,2.500000000E0
4.347844392E2,6.778439333E1,2.482288506E1,2.235337207E2,7.099999785E-1,3.162000122E2,3.790092468E0,2.500000000E0
4.357850523E2,6.778439290E1,2.482288677E1,2.238924884E2,6.999999881E-1,3.153999939E2,3.790092468E0,2.500000000E0
4.367849755E2,6.778439643E1,2.482290082E1,2.232376507E2,1.289999962E0,1.330000019E1,3.790092468E0,2.500000000E0
4.377845746E2,6.778439821E1,2.482292311E1,2.224393944E2,7.099999785E-1,3.100000000E1,3.790092468E0,2.500000000E0
4.387847951E2,6.778439644E1,2.482294960E1,2.222801895E2,7.300000191E-1,4.590000153E1,3.790092468E0,2.500000000E0
4.397843364E2,6.778439445E1,2.482297751E1,2.213991851E2,7.300000191E-1,5.009999847E1,3.790092468E0,2.500000000E0
4.407846225E2,6.778439133E1,2.482300744E1,2.210612156E2,7.699999809E-1,7.169999695E1,3.790092468E0,2.500000000E0
4.417851808E2,6.778437967E1,2.482303165E1,2.202236866E2,8.999999762E-1,1.690000000E2,3.790092468E0,2.500000000E0
4.427849567E2,6.778436719E1,2.482309509E1,2.196396244E2,3.009999990E0,9.759999847E1,3.790092468E0,2.500000000E0
4.437850277E2,6.778435559E1,2.482313645E1,2.216374430E2,7.599999905E-1,1.838000031E2,3.790092468E0,2.500000000E0
4.447843230E2,6.778434171E1,2.482316725E1,2.222574466E2,1.600000024E0,1.234000015E2,3.790092468E0,2.500000000E0
4.457843594E2,6.778432810E1,2.482319701E1,2.217172921E2,8.700000048E-1,1.568999939E2,3.790092468E0,2.500000000E0
4.467843532E2,6.778431558E1,2.482321352E1,2.226368971E2,7.200000286E-1,1.726000061E2,3.790092468E0,2.500000000E0
4.477852717E2,6.778430567E1,2.482322788E1,2.232501578E2,3.700000048E-1,1.895000000E2,3.790092468E0,2.500000000E0
4.487843676E2,6.778429639E1,2.482324071E1,2.233972898E2,3.700000048E-1,2.000000000E2,3.790092468E0,2.500000000E0
4.497852623E2,6.778428886E1,2.482325815E1,2.241224261E2,2.300000042E-1,1.254000015E2,3.790092468E0,2.500000000E0
4.507851731E2,6.778426188E1,2.482325665E1,2.244682521E2,3.640000105E0,1.990000000E2,3.790092468E0,2.500000000E0
4.517846489E2,6.778424225E1,2.482325379E1,2.245654629E2,0.000000000E0,NaN,3.790092468E0,2.500000000E0
4.527844551E2,6.778423919E1,2.482325752E1,2.247161094E2,0.000000000E0,NaN,3.790092468E0,2.500000000E0
4.537847392E2,6.778423698E1,2.482325869E1,2.248462429E2,0.000000000E0,NaN,3.790092468E0,2.500000000E0
4.547852622E2,6.778423533E1,2.482325888E1,2.249558051E2,0.000000000E0,NaN,3.790092468E0,2.500000000E0
4.557846056E2,6.778423334E1,2.482325894E1,2.250828241E2,0.000000000E0,NaN,3.790092468E0,2.500000000E0
4.567851809E2,6.778423212E1,2.482325871E1,2.252144795E2,0.000000000E0,NaN,3.790092468E0,2.500000000E0
4.577846904E2,6.778423121E1,2.482325839E1,2.253112830E2,0.000000000E0,NaN,3.790092468E0,2.500000000E0
4.587843518E2,6.778423039E1,2.482325829E1,2.254047297E2,0.000000000E0,NaN,3.790092468E0,2.500000000E0
4.597845148E2,6.778422964E1,2.482325835E1,2.255040357E2,0.000000000E0,NaN,3.790092468E0,2.500000000E0
4.607849234E2,6.778422893E1,2.482325843E1,2.255963837E2,0.000000000E0,NaN,3.790092468E0,2.500000000E0
4.617849481E2,6.778422747E1,2.482326447E1,2.267492874E2,3.199999928E-1,3.542000122E2,3.790092468E0,2.500000000E0
4.627849470E2,6.778422858E1,2.482326428E1,2.280570238E2,7.599999905E-1,3.358999939E2,3.790092468E0,2.500000000E0
4.637845085E2,6.778422969E1,2.482325963E1,2.291305630E2,9.200000167E-1,3.297000122E2,3.790092468E0,2.500000000E0
4.647850209E2,6.778422674E1,2.482325840E1,2.306311178E2,7.099999785E-1,3.210000000E2,3.790092468E0,2.500000000E0
4.657848593E2,6.778421646E1,2.482327582E1,2.313928816E2,3.799999952E-1,3.212999878E2,3.790092468E0,2.500000000E0
4.667848513E2,6.778420382E1,2.482329775E1,2.313945246E2,0.000000000E0,NaN,3.790092468E0,2.500000000E0
4.677848143E2,6.778419631E1,2.482330529E1,2.314702959E2,0.000000000E0,NaN,3.790092468E0,2.500000000E0
4.687848588E2,6.778419160E1,2.482331087E1,2.314817273E2,0.000000000E0,NaN,3.790092468E0,2.500000000E0
4.697845424E2,6.778418747E1,2.482332046E1,2.322012309E2,0.000000000E0,NaN,3.790092468E0,2.500000000E0
4.707849438E2,6.778415117E1,2.482332039E1,2.325716167E2,3.759999990E0,1.833999939E2,3.790092468E0,2.500000000E0
4.717849015E2,6.778414427E1,2.482332538E1,2.329927205E2,1.700000018E-1,2.536000061E2,3.790092468E0,2.500000000E0
4.727851161E2,6.778414301E1,2.482333469E1,2.334650857E2,0.000000000E0,NaN,3.790092468E0,2.500000000E0
4.737848142E2,6.778414199E1,2.482334188E1,2.334716885E2,0.000000000E0,NaN,3.790092468E0,2.500000000E0
4.747849785E2,6.778414168E1,2.482334380E1,2.334760250E2,0.000000000E0,NaN,3.790092468E0,2.500000000E0
4.757845811E2,6.778413872E1,2.482336253E1,2.335090134E2,5.899999738E-1,9.869999695E1,3.790092468E0,2.500000000E0
4.767851212E2,6.778413304E1,2.482338106E1,2.332235265E2,6.299999952E-1,1.253000031E2,3.790092468E0,2.500000000E0
4.777843656E2,6.778412436E1,2.482339970E1,2.334507421E2,6.800000072E-1,1.396000061E2,3.790092468E0,2.500000000E0
4.787843126E2,6.778411386E1,2.482341604E1,2.338897513E2,8.500000238E-1,1.603000031E2,3.790092468E0,2.500000000E0
4.797852308E2,6.778410375E1,2.482342963E1,2.342248744E2,8.399999738E-1,1.653999939E2,3.790092468E0,2.500000000E0
4.807845187E2,6.778409280E1,2.482344359E1,2.349592309E2,8.799999952E-1,1.680000000E2,3.790092468E0,2.500000000E0
4.817847726E2,6.778408466E1,2.482356706E1,2.357626205E2,5.329999924E0,9.640000153E1,3.790092468E0,2.500000000E0
4.827847858E2,6.778407431E1,2.482358694E1,2.357261696E2,1.019999981E0,1.710000000E2,3.790092468E0,2.500000000E0
4.837846227E2,6.778406814E1,2.482364601E1,2.360882544E2,3.339999914E0,1.000999985E2,3.790092468E0,2.500000000E0
4.847845638E2,6.778405916E1,2.482364656E1,2.366346629E2,1.129999995E0,1.618000031E2,3.790092468E0,2.500000000E0
4.857844433E2,6.778405546E1,2.482369242E1,2.371513891E2,2.640000105E0,9.430000305E1,3.790092468E0,2.500000000E0
4.867851255E2,6.778404680E1,2.482368569E1,2.374743385E2,9.399999976E-1,1.736999969E2,3.790092468E0,2.500000000E0
4.877850648E2,6.778403798E1,2.482371861E1,2.374096404E2,2.240000010E0,1.095000000E2,3.790092468E0,2.500000000E0
4.887847442E2,6.778402852E1,2.482371433E1,2.375043231E2,1.059999943E0,1.706000061E2,3.790092468E0,2.500000000E0
4.897847730E2,6.778402081E1,2.482372828E1,2.377087037E2,1.470000029E0,1.205999985E2,3.790092468E0,2.500000000E0
4.907849724E2,6.778401044E1,2.482371654E1,2.378164411E2,1.039999962E0,1.833000031E2,3.790092468E0,2.500000000E0
4.917849272E2,6.778399816E1,2.482370498E1,2.381074108E2,1.149999976E0,1.766000061E2,3.790092468E0,2.500000000E0
4.927849328E2,6.778398518E1,2.482371543E1,2.382871415E2,1.039999962E0,1.638999939E2,3.790092468E0,2.500000000E0
4.937851222E2,6.778397249E1,2.482371541E1,2.385047617E2,1.039999962E0,1.651000061E2,3.790092468E0,2.500000000E0
4.947851804E2,6.778395937E1,2.482371232E1,2.387948890E2,1.120000005E0,1.635000000E2,3.790092468E0,2.500000000E0
4.957850582E2,6.778394745E1,2.482370217E1,2.385948318E2,1.000000000E0,1.780000000E2,3.790092468E0,2.500000000E0
4.967851807E2,6.778393650E1,2.482368840E1,2.386682664E2,9.700000286E-1,1.843000031E2,3.790092468E0,2.500000000E0
4.977851804E2,6.778392429E1,2.482367340E1,2.389213290E2,1.159999967E0,1.833000031E2,3.790092468E0,2.500000000E0
4.987852551E2,6.778391312E1,2.482366900E1,2.391717773E2,1.110000014E0,1.631000061E2,3.790092468E0,2.500000000E0
4.997852361E2,6.778390289E1,2.482367212E1,2.393408726E2,1.070000052E0,1.496000061E2,3.790092468E0,2.500000000E0
5.007845014E2,6.778388945E1,2.482365191E1,2.394481799E2,1.539999962E0,2.001000061E2,3.790092468E0,2.500000000E0
5.017853537E2,6.778387984E1,2.482364034E1,2.393297805E2,1.009999990E0,1.756999969E2,3.790092468E0,2.500000000E0
5.027845224E2,6.778387066E1,2.482363214E1,2.397207836E2,1.000000000E0,1.821999969E2,3.790092468E0,2.500000000E0
5.037850280E2,6.778385994E1,2.482362684E1,2.397387468E2,1.090000033E0,1.773999939E2,3.790092468E0,2.500000000E0
5.047851035E2,6.778385031E1,2.482362220E1,2.396832220E2,1.009999990E0,1.726999969E2,3.790092468E0,2.500000000E0
5.057847401E2,6.778383935E1,2.482361053E1,2.395902163E2,1.090000033E0,1.698000031E2,3.790092468E0,2.500000000E0
5.067846407E2,6.778382787E1,2.482357357E1,2.396493422E2,1.799999952E0,2.288000031E2,3.790092468E0,2.500000000E0
5.077846253E2,6.778382001E1,2.482357502E1,2.397728366E2,1.110000014E0,1.668999939E2,3.790092468E0,2.500000000E0
5.087849902E2,6.778380651E1,2.482352550E1,2.395464909E2,2.960000038E0,2.368000031E2,3.790092468E0,2.500000000E0
5.097843832E2,6.778380029E1,2.482353103E1,2.397634921E2,1.070000052E0,1.655000000E2,3.790092468E0,2.500000000E0
5.107843048E2,6.778378778E1,2.482347951E1,2.396681231E2,3.329999924E0,2.371999969E2,3.790092468E0,2.500000000E0
5.117852554E2,6.778378143E1,2.482348734E1,2.398757890E2,1.139999986E0,1.671000061E2,3.790092468E0,2.500000000E0
5.127843612E2,6.778376973E1,2.482343618E1,2.400507432E2,3.470000029E0,2.403999939E2,3.790092468E0,2.500000000E0
5.137852343E2,6.778377589E1,2.482341352E1,2.396738705E2,1.549999952E0,2.902000122E2,3.790092468E0,2.500000000E0
5.147843663E2,6.778378040E1,2.482340607E1,2.391703109E2,1.009999990E0,2.845000000E2,3.790092468E0,2.500000000E0
5.157844918E2,6.778378409E1,2.482339867E1,2.386926322E2,1.039999962E0,2.866000061E2,3.790092468E0,2.500000000E0
5.167850047E2,6.778378722E1,2.482338977E1,2.382422358E2,1.039999962E0,2.882999878E2,3.790092468E0,2.500000000E0
5.177848956E2,6.778378955E1,2.482337739E1,2.368933385E2,1.080000043E0,2.906000061E2,3.790092468E0,2.500000000E0
5.187845216E2,6.778379034E1,2.482336316E1,2.367806487E2,1.110000014E0,2.828999939E2,3.790092468E0,2.500000000E0
5.197846604E2,6.778378924E1,2.482334641E1,2.360653603E2,1.149999976E0,2.825000000E2,3.790092468E0,2.500000000E0
5.207850237E2,6.778377381E1,2.482335539E1,2.361972434E2,1.100000024E0,1.760000000E2,3.790092468E0,2.500000000E0
5.217849905E2,6.778375774E1,2.482336841E1,2.361278388E2,1.120000005E0,1.756999969E2,3.790092468E0,2.500000000E0
5.227852528E2,6.778374295E1,2.482338535E1,2.363124643E2,1.139999986E0,1.650000000E2,3.790092468E0,2.500000000E0
5.237849261E2,6.778373004E1,2.482340596E1,2.364914134E2,1.029999971E0,1.635000000E2,3.790092468E0,2.500000000E0
5.247848396E2,6.778371577E1,2.482343406E1,2.369729871E2,1.019999981E0,1.738000031E2,3.790092468E0,2.500000000E0
5.257852324E2,6.778370250E1,2.482345516E1,2.370818083E2,1.090000033E0,1.745000000E2,3.790092468E0,2.500000000E0
5.267850329E2,6.778369004E1,2.482347390E1,2.368791013E2,1.000000000E0,1.755000000E2,3.790092468E0,2.500000000E0
5.277848765E2,6.778367568E1,2.482349511E1,2.370952250E2,1.179999948E0,1.658999939E2,3.790092468E0,2.500000000E0
5.287848291E2,6.778366263E1,2.482351782E1,2.370054392E2,1.059999943E0,1.663000031E2,3.790092468E0,2.500000000E0
5.297847215E2,6.778364882E1,2.482353529E1,2.369920039E2,1.100000024E0,1.743000031E2,3.790092468E0,2.500000000E0
5.307852973E2,6.778363497E1,2.482355006E1,2.371903574E2,1.110000014E0,1.780000000E2,3.790092468E0,2.500000000E0
5.317852535E2,6.778362143E1,2.482356107E1,2.371994357E2,1.059999943E0,1.811000061E2,3.790092468E0,2.500000000E0
5.327852224E2,6.778360810E1,2.482356997E1,2.375727688E2,1.070000052E0,1.823000031E2,3.790092468E0,2.500000000E0
5.337850871E2,6.778359487E1,2.482358219E1,2.379858396E2,1.100000024E0,1.756999969E2,3.790092468E0,2.500000000E0
5.347843989E2,6.778358192E1,2.482359650E1,2.382028672E2,1.000000000E0,1.788000031E2,3.790092468E0,2.500000000E0
5.357852003E2,6.778356934E1,2.482360613E1,2.386908234E2,1.110000014E0,1.890000000E2,3.790092468E0,2.500000000E0
5.367851016E2,6.778355790E1,2.482361254E1,2.389682018E2,1.009999990E0,1.918000031E2,3.790092468E0,2.500000000E0
5.377849691E2,6.778354554E1,2.482361717E1,2.394418083E2,1.070000052E0,1.881999969E2,3.790092468E0,2.500000000E0
5.387848440E2,6.778353279E1,2.482362103E1,2.397913913E2,1.100000024E0,1.918999939E2,3.790092468E0,2.500000000E0
5.397847558E2,6.778352139E1,2.482362286E1,2.398740010E2,9.399999976E-1,1.998999939E2,3.790092468E0,2.500000000E0
5.407846390E2,6.778351044E1,2.482362074E1,2.401295174E2,1.070000052E0,2.005000000E2,3.790092468E0,2.500000000E0
5.417851004E2,6.778349919E1,2.482361975E1,2.401667132E2,1.029999971E0,1.961000061E2,3.790092468E0,2.500000000E0
5.427849805E2,6.778348854E1,2.482361821E1,2.404157599E2,1.029999971E0,1.990000000E2,3.790092468E0,2.500000000E0
5.437850944E2,6.778347860E1,2.482361054E1,2.405737331E2,1.090000033E0,2.146000061E2,3.790092468E0,2.500000000E0
5.447848686E2,6.778346949E1,2.482359896E1,2.402186993E2,1.019999981E0,2.186000061E2,3.790092468E0,2.500000000E0
5.457847094E2,6.778346219E1,2.482358492E1,2.404416611E2,9.800000191E-1,2.365000000E2,3.790092468E0,2.500000000E0
5.467847034E2,6.778345620E1,2.482356629E1,2.405645777E2,1.090000033E0,2.401999969E2,3.790092468E0,2.500000000E0
5.477844751E2,6.778344998E1,2.482354882E1,2.404854699E2,1.019999981E0,2.331000061E2,3.790092468E0,2.500000000E0
5.487848544E2,6.778344469E1,2.482353009E1,2.405218370E2,1.019999981E0,2.358000031E2,3.790092468E0,2.500000000E0
5.497847981E2,6.778343919E1,2.482350981E1,2.403737544E2,1.070000052E0,2.383999939E2,3.790092468E0,2.500000000E0
5.507849049E2,6.778343316E1,2.482349020E1,2.402061426E2,1.080000043E0,2.303999939E2,3.790092468E0,2.500000000E0
5.517848524E2,6.778342624E1,2.482347334E1,2.400552598E2,8.999999762E-1,2.311000061E2,3.790092468E0,2.500000000E0
5.527848616E2,6.778342033E1,2.482345211E1,2.403269159E2,1.070000052E0,2.403999939E2,3.790092468E0,2.500000000E0
5.537846993E2,6.778341641E1,2.482342950E1,2.400640807E2,1.019999981E0,2.453999939E2,3.790092468E0,2.500000000E0
5.547846703E2,6.778341243E1,2.482340481E1,2.402218364E2,1.049999952E0,2.448999939E2,3.790092468E0,2.500000000E0
5.557844046E2,6.778340592E1,2.482338174E1,2.402181620E2,1.190000057E0,2.316000061E2,3.790092468E0,2.500000000E0
5.567843928E2,6.778339719E1,2.482336278E1,2.399845173E2,1.159999967E0,2.191999969E2,3.790092468E0,2.500000000E0
5.577848104E2,6.778338867E1,2.482334558E1,2.398430984E2,1.139999986E0,2.201000061E2,3.790092468E0,2.500000000E0
5.587848026E2,6.778337863E1,2.482333211E1,2.398546416E2,1.070000052E0,2.108000031E2,3.790092468E0,2.500000000E0
5.597847803E2,6.778336738E1,2.482332517E1,2.399399870E2,1.139999986E0,1.970000000E2,3.790092468E0,2.500000000E0
5.607847256E2,6.778335735E1,2.482332589E1,2.399098601E2,1.019999981E0,1.858999939E2,3.790092468E0,2.500000000E0
5.617845979E2,6.778334766E1,2.482333313E1,2.400461221E2,1.019999981E0,1.733000031E2,3.790092468E0,2.500000000E0
5.627845947E2,6.778333848E1,2.482334068E1,2.402331645E2,9.399999976E-1,1.698999939E2,3.790092468E0,2.500000000E0
5.637846096E2,6.778332914E1,2.482334792E1,2.399047040E2,9.599999785E-1,1.711999969E2,3.790092468E0,2.500000000E0
5.647845566E2,6.778331944E1,2.482335149E1,2.400034860E2,9.700000286E-1,1.831999969E2,3.790092468E0,2.500000000E0
5.657845192E2,6.778330997E1,2.482335007E1,2.399800692E2,9.800000191E-1,1.883000031E2,3.790092468E0,2.500000000E0
5.667845936E2,6.778329979E1,2.482334902E1,2.398998917E2,1.059999943E0,1.841999969E2,3.790092468E0,2.500000000E0
5.677844672E2,6.778329075E1,2.482335140E1,2.400941297E2,9.700000286E-1,1.718999939E2,3.790092468E0,2.500000000E0
5.687843135E2,6.778328273E1,2.482335573E1,2.402262339E2,8.600000143E-1,1.710000000E2,3.790092468E0,2.500000000E0
5.697850649E2,6.778327517E1,2.482336413E1,2.400498092E2,9.800000191E-1,1.653999939E2,3.790092468E0,2.500000000E0
5.707850061E2,6.778326635E1,2.482337315E1,2.403429926E2,1.039999962E0,1.658999939E2,3.790092468E0,2.500000000E0
5.717850413E2,6.778325645E1,2.482338008E1,2.405222235E2,1.100000024E0,1.713999939E2,3.790092468E0,2.500000000E0
5.727849176E2,6.778324715E1,2.482338435E1,2.406136812E2,9.900000095E-1,1.700000000E2,3.790092468E0,2.500000000E0
5.737843226E2,6.778323830E1,2.482339146E1,2.408555318E2,9.800000191E-1,1.655000000E2,3.790092468E0,2.500000000E0
5.747851635E2,6.778322837E1,2.482340251E1,2.407850118E2,1.059999943E0,1.578000031E2,3.790092468E0,2.500000000E0
5.757851164E2,6.778322000E1,2.482341428E1,2.406257439E2,8.600000143E-1,1.573000031E2,3.790092468E0,2.500000000E0
5.767849900E2,6.778321099E1,2.482342405E1,2.407856890E2,9.800000191E-1,1.628999939E2,3.790092468E0,2.500000000E0
5.777849660E2,6.778320243E1,2.482343312E1,2.407468406E2,8.999999762E-1,1.575000000E2,3.790092468E0,2.500000000E0
5.787849280E2,6.778319568E1,2.482344825E1,2.407374142E2,9.100000262E-1,1.373000031E2,3.790092468E0,2.500000000E0
5.797847045E2,6.778319209E1,2.482346891E1,2.405085045E2,8.899999857E-1,1.206999969E2,3.790092468E0,2.500000000E0
5.807850667E2,6.778319190E1,2.482349050E1,2.403869487E2,8.500000238E-1,9.809999847E1,3.790092468E0,2.500000000E0
5.817850682E2,6.778319532E1,2.482351066E1,2.401796284E2,8.399999738E-1,7.459999847E1,3.790092468E0,2.500000000E0
5.827846332E2,6.778320026E1,2.482352857E1,2.401704219E2,8.199999928E-1,5.440000153E1,3.790092468E0,2.500000000E0
5.837846588E2,6.778320485E1,2.482354359E1,2.401471746E2,7.599999905E-1,5.400000000E1,3.790092468E0,2.500000000E0
5.847846573E2,6.778320886E1,2.482356129E1,2.403995057E2,8.500000238E-1,6.430000305E1,3.790092468E0,2.500000000E0
5.857846545E2,6.778321235E1,2.482358167E1,2.401624613E2,9.300000072E-1,6.630000305E1,3.790092468E0,2.500000000E0
